name,codename,overridenametextid,overridepartnerskilltextid,tribe,bpclass,variant,volume_size,rarity,element_1,element_2,weaponequip,nocturnal,4d_total,hp,melee_attack,remote_attack,defense,support,speed_of_work,level_1,level_20,level_50,airresponse,aisightresponse,endurance,slow_walking_speed,walking_speed,running_speed,riding_sprint_speed,damage_multiplier,catch_rate,experience_multiplier,price,must_bring_entry_1,must_bring_entry_2,numerical_description,lv1,lv2,lv3,lv4,lv5,skill_description
Lamball,SheepBall,None,None,EPalTribeID::SheepBall,SheepBall,no,XS,1,generally,n/a,FALSE,no,280,70,70,70,70,100,100,105-106,205-236,362-441,Friendly,None,100,23,40,400,n/a,200%,150%,100%,1000,n/a,n/a,Ranch skills,0,0,0,0,0,"When activated, it will transform into a shield equipped on the player. Assign it to Palu Ranch and it will have a chance to drop Wool."
Cattiva,PinkCat,None,None,EPalTribeID::PinkCat,PinkCat,no,XS,1,generally,n/a,FALSE,no,280,70,70,70,70,100,100,105-106,205-236,362-441,Escape_to_Battle,None,100,30,60,400,n/a,200%,150%,100%,1000,timid,n/a,Increased weight bearing,50,60,70,80,90,"If PinkCat is in the team, it will help carry luggage and increase the player's maximum weight limit."
Chikipi,ChickenPal,None,None,EPalTribeID::ChickenPal,ChickenPal,no,XS,1,generally,n/a,FALSE,no,250,60,70,60,60,70,100,104-105,190-217,325-392,Friendly,None,100,50,50,375,n/a,200%,150%,100%,1000,n/a,n/a,Ranch skills,0,0,0,0,0,Assign it to Palu Ranch and it will have a chance to give birth to Eggs.
Lifmunk,Carbunclo,None,None,EPalTribeID::Carbunclo,Carbunclo,no,XS,1,Wood,n/a,FALSE,no,285,75,70,70,70,100,100,105-106,205-236,362-441,Escape,None,100,20,40,400,n/a,100%,90%,100%,1010,n/a,n/a,Skill power,10,11,13,16,20,"After being activated, it will sit on the player's head and use a submachine gun to chase after the player's attacks."
Foxparks,Kitsunebi,None,None,EPalTribeID::Kitsunebi,Kitsunebi,no,XS,1,fire,n/a,FALSE,no,280,65,70,75,70,100,100,105-107,212-246,381-465,Escape_to_Battle,None,100,40,80,400,n/a,130%,110%,100%,1040,n/a,n/a,Skill power,10,11,13,16,20,"When activated, it will transform into a flamethrower equipped on the player."
Fuack,BluePlatypus,None,None,EPalTribeID::Blueplatypus,BluePlatypus,no,XS,1,water,n/a,FALSE,no,280,60,80,80,60,100,100,106-107,220-256,400-490,Escape_to_Battle,None,100,70,105,300,n/a,130%,110%,100%,1120,n/a,n/a,Skill power multiplier,1,1.1,1.3,1.6,2,"When activated, BluePlatypus will ride the wave towards the enemy."
Sparkit,ElecCat,None,None,EPalTribeID::ElecCat,ElecCat,no,XS,1,electricity,n/a,FALSE,no,265,60,60,75,70,80,100,105-107,212-246,381-465,Escape_to_Battle,None,100,40,80,350,n/a,130%,110%,100%,1030,n/a,n/a,Attack power bonus%,10,11,13,16,20,"If it is in the team, the elemental Electricity Palu's attack power will be increased."
Tanzee,Monkey,None,None,EPalTribeID::Monkey,Monkey,no,XS,1,Wood,n/a,FALSE,no,320,80,100,70,70,100,100,105-106,205-236,362-441,Escape_to_Battle,None,100,48,48,300,n/a,120%,110%,100%,1280,n/a,n/a,Skill power,20,22,26,32,40,"After activation, Monkey will violently shoot nearby enemies with an assault rifle within a certain period of time."
Rooby,FlameBambi,None,None,EPalTribeID::FlameBambi,FlameBambi,no,S,2,fire,n/a,FALSE,no,320,75,100,70,75,100,100,105-106,205-236,362-441,Escape_to_Battle,None,100,70,100,400,n/a,130%,110%,100%,2950,n/a,n/a,Attack power bonus%,10,11,13,16,20,"If it is in the team, the elemental Fire Palu's attack power will be increased."
Pengullet,Penguin,None,None,EPalTribeID::Penguin,Penguin,no,XS,1,water,ice,FALSE,no,285,70,70,75,70,100,100,105-107,212-246,381-465,Escape_to_Battle,None,100,30,60,500,n/a,100%,90%,100%,1080,n/a,n/a,Skill power,250,285,325,400,500,"After activation, players will equip Launcher_Default and can shoot Penguin as a cannonball. After hitting the target, Penguin will explode and fall into a dying state."
Penking,CaptainPenguin,None,None,EPalTribeID::CaptainPenguin,CaptainPenguin,no,L,6,water,ice,FALSE,no,355,95,70,95,95,100,100,107-109,242-285,456-563,Warlike,None,100,50,110,450,n/a,100%,100%,100%,5410,n/a,n/a,Drop increased by %_Fire,40,50,60,70,80,"When fighting alongside it, if you knock down the elemental Fire's pallu, you can get more dropped items from that pallu."
Jolthog,Hedgehog,None,None,EPalTribeID::Hedgehog,Hedgehog,no,XS,1,electricity,n/a,FALSE,no,285,70,70,75,70,100,100,105-107,212-246,381-465,Escape_to_Battle,None,100,30,60,400,n/a,130%,120%,100%,1060,n/a,n/a,Skill power,100,110,130,160,200,"After activation, you can equip Hedgehog in your hand. If you throw it at the enemy and hit the target, it will trigger a thunder explosion."
Jolthog Cryst,Hedgehog_Ice,None,None,EPalTribeID::Hedgehog_Ice,Hedgehog_Ice,yes,XS,2,ice,n/a,FALSE,no,295,70,70,75,80,100,100,105-107,212-246,381-465,Escape_to_Battle,None,100,30,60,400,n/a,100%,100%,100%,1070,n/a,n/a,Skill power,100,110,130,160,200,"After activation, you can equip Hedgehog_Ice in your hand. If you throw it at the enemy and hit the target, it will trigger an ice explosion."
Gumoss,PlantSlime,None,None,EPalTribeID::PlantSlime,PlantSlime,no,XS,1,Wood,land,FALSE,no,310,70,100,70,70,100,100,105-106,205-236,362-441,Escape_to_Battle,None,100,50,50,300,n/a,180%,130%,100%,1310,n/a,n/a,Logging bonus%,10,11,13,16,20,"If it is in the party, players will be able to deal more damage when harvesting."
Gumoss (Special),PlantSlime_Flower,PAL_NAME_PlantSlime,PARTNERSKILL_PlantSlime,EPalTribeID::PlantSlime,PlantSlime_Flower,no,XS,10,Wood,land,FALSE,no,310,70,100,70,70,100,100,105-106,205-236,362-441,Escape_to_Battle,None,100,50,50,300,n/a,180%,130%,100%,1310,n/a,n/a,Logging bonus%,10,11,13,16,20,"If it is in the party, players will be able to deal more damage when harvesting."
Vixy,CuteFox,None,None,EPalTribeID::CuteFox,CuteFox,no,XS,2,generally,n/a,FALSE,no,280,70,70,70,70,140,100,105-106,205-236,362-441,Escape_to_Battle,None,100,30,60,350,n/a,170%,130%,100%,1000,n/a,n/a,Ranch skills,0,0,0,0,0,Assign it to the Palu Ranch and it will have a chance to dig items out of the ground.
Hoocrates,WizardOwl,None,None,EPalTribeID::WizardOwl,WizardOwl,no,XS,1,dark,n/a,FALSE,yes,290,70,70,70,80,100,100,105-106,205-236,362-441,NotInterested,None,100,26,70,380,n/a,100%,100%,100%,1050,n/a,n/a,Attack power bonus%,10,11,13,16,20,"If it is in the team, the elemental Dark Palu's attack power will be increased."
Teafant,Ganesha,None,None,EPalTribeID::Ganesha,Ganesha,no,M,1,water,n/a,FALSE,no,270,70,70,60,70,100,100,104-105,190-217,325-392,Escape_to_Battle,None,100,30,60,300,n/a,160%,130%,100%,1000,n/a,n/a,treatment value,200,220,260,320,400,"When activated, it will spray out mysterious water that is extremely effective on wounds to restore the player's health."
Depresso,NegativeKoala,None,None,EPalTribeID::NegativeKoala,NegativeKoala,no,XS,1,dark,n/a,FALSE,yes,280,70,70,70,70,100,100,105-106,205-236,362-441,Warlike,None,100,10,10,300,n/a,120%,100%,100%,1050,n/a,n/a,Movement speed multiplier,2,3,5,10,10,"After activation, NegativeKoala will drink a large amount of energy drinks, greatly increasing his movement speed for a certain period of time."
Cremis,WoolFox,None,None,EPalTribeID::WoolFox,WoolFox,no,XS,1,generally,n/a,FALSE,no,315,70,100,70,75,100,100,105-106,205-236,362-441,Escape_to_Battle,None,100,20,40,300,n/a,170%,130%,100%,1420,n/a,n/a,Attack power bonus%,10,11,13,16,20,"If it is in the team, the attack power of the elemental Normal Palu will be increased. Assign it to Palu Ranch and it will have a chance to drop Wool."
Daedream,DreamDemon,None,None,EPalTribeID::DreamDemon,DreamDemon,no,XS,1,dark,n/a,FALSE,yes,305,70,100,75,60,100,100,105-107,212-246,381-465,Friendly,None,100,70,140,300,n/a,100%,100%,100%,1330,n/a,n/a,Skill power multiplier,1,1.1,1.3,1.6,2,"If it is in the party, it will appear next to the player. It will coordinate with the player's offensive to pursue with magic bullets."
Rushoar,Boar,None,None,EPalTribeID::Boar,Boar,no,S,1,land,n/a,FALSE,no,320,80,100,70,70,100,100,105-106,205-236,362-441,Warlike,None,100,70,150,450,700,110%,100%,100%,1680,n/a,n/a,Mining bonus+,500,750,1100,1500,2000,Can be moved around on its back. Destroying rocks while riding will be more efficient.
Nox,NightFox,None,None,EPalTribeID::NightFox,NightFox,no,XS,6,dark,n/a,FALSE,no,300,75,70,85,70,140,100,106-108,227-265,418-514,Escape_to_Battle,None,100,30,60,300,n/a,100%,100%,100%,1480,n/a,n/a,Attack power bonus%,5,6,7,8,10,"When fighting alongside it, it will grant elemental Dark to the player's attacks."
Fuddler,CuteMole,None,None,EPalTribeID::CuteMole,CuteMole,no,XS,1,land,n/a,FALSE,no,295,65,100,80,50,100,100,106-107,220-256,400-490,Escape_to_Battle,None,100,30,60,300,n/a,100%,100%,100%,1360,n/a,n/a,distance,10000,11000,13000,16000,20000,"When activated, it will emit tiny vibrations to detect the location of nearby ores."
Killamari,NegativeOctopus,None,None,EPalTribeID::NegativeOctopus,NegativeOctopus,no,XS,1,dark,n/a,FALSE,yes,290,60,100,60,70,100,100,104-105,190-217,325-392,NotInterested,None,100,60,120,400,n/a,100%,100%,100%,1200,n/a,n/a,Paraglider maximum speed (gravity factor),500(0.013),600(0.011),700(0.009),800(0.007),900(0.005),"If it is in the party, it can be summoned in place of the paraglider. It can float in the air for long periods of time while gliding."
Mau,Bastet,None,None,EPalTribeID::Bastet,Bastet,no,XS,1,dark,n/a,FALSE,yes,270,70,70,60,70,100,100,104-105,190-217,325-392,Escape_to_Battle,None,100,52,105,475,n/a,100%,100%,100%,1000,n/a,n/a,Ranch skills,0,0,0,0,0,Assign it to Palu Ranch and it will have a chance to dig Money out of the ground.
Mau Cryst,Bastet_Ice,None,None,EPalTribeID::Bastet_Ice,Bastet_Ice,yes,XS,2,ice,n/a,FALSE,no,275,70,70,65,70,100,100,104-106,197-226,343-416,Escape_to_Battle,None,100,52,105,475,n/a,100%,100%,100%,1010,n/a,n/a,Ranch skills,0,0,0,0,0,Assign it to Palu Ranch and it will have a chance to dig Money out of the ground.
Celaray,FlyingManta,None,None,EPalTribeID::FlyingManta,FlyingManta,no,M,3,water,n/a,FALSE,no,330,80,100,70,80,100,100,105-106,205-236,362-441,Escape_to_Battle,None,100,30,150,550,n/a,120%,110%,100%,2860,n/a,n/a,Paraglider maximum speed (gravity factor),600(0.016),750(0.014),900(0.012),1050(0.01),1200(0.008),"If it is in the party, it can be summoned in place of the paraglider. Can move quickly for long periods of time while gliding."
Direhowl,Garm,None,None,EPalTribeID::Garm,Garm,no,S,2,generally,n/a,FALSE,no,355,80,110,90,75,100,100,106-108,235-275,437-538,Warlike,None,100,90,180,800,1050,100%,100%,100%,1920,n/a,n/a,Moving speed%,0,10,12,15,20,Can be moved around on its back. Movement speed while riding will be slightly faster.
Tocotoco,ColorfulBird,None,None,EPalTribeID::ColorfulBird,ColorfulBird,no,S,1,generally,n/a,FALSE,no,285,60,80,75,70,70,100,105-107,212-246,381-465,Warlike,None,100,30,60,300,n/a,100%,100%,100%,1090,n/a,n/a,Skill power,100,110,130,160,200,"When activated, it will transform into a launcher equipped on the player and create exploding eggs."
Flopie,FlowerRabbit,None,None,EPalTribeID::FlowerRabbit,FlowerRabbit,no,XS,1,Wood,n/a,FALSE,no,310,75,100,65,70,100,100,104-106,197-226,343-416,Escape_to_Battle,None,100,100,100,400,n/a,100%,100%,100%,1220,n/a,n/a,0,0,0,0,0,0,"If it is in the party, it will appear next to the player. It will automatically pick up nearby props."
Mozzarina,CowPal,None,None,EPalTribeID::CowPal,CowPal,no,S,2,generally,n/a,FALSE,no,320,90,100,50,80,100,100,103-104,175-197,287-343,Escape_to_Battle,None,100,55,55,580,n/a,100%,100%,100%,2620,n/a,n/a,Ranch skills,0,0,0,0,0,Assign it to Palu Ranch and it will have a chance to produce Milk.
Bristla,LittleBriarRose,None,None,EPalTribeID::LittleBriarRose,LittleBriarRose,no,S,1,Wood,n/a,FALSE,no,320,80,80,80,80,100,100,106-107,220-256,400-490,Escape_to_Battle,None,100,50,100,400,n/a,100%,100%,100%,1140,n/a,n/a,Attack power bonus%,10,11,13,16,20,"If it is in the team, the elemental Leaf Palu's attack power will be increased."
Gobfin,SharkKid,None,None,EPalTribeID::SharkKid,SharkKid,no,S,2,water,n/a,FALSE,no,345,90,90,90,75,100,100,106-108,235-275,437-538,Warlike,None,100,50,80,400,n/a,100%,100%,100%,1840,n/a,n/a,Skill power multiplier,1.1,1.3,1.6,2,2.5,"After being activated, it will attack the targeted enemy with extremely powerful WaterGun. If it is in the team, it will increase the player's attack power."
Gobfin Ignis,SharkKid_Fire,None,None,EPalTribeID::SharkKid_Fire,SharkKid_Fire,yes,S,3,fire,n/a,FALSE,no,345,90,90,90,75,100,100,106-108,235-275,437-538,Warlike,None,100,50,80,400,n/a,100%,100%,100%,1800,n/a,n/a,Skill power multiplier,1.1,1.3,1.6,2,2.5,"After being activated, it will attack the targeted enemy with extremely powerful FireSeed. If it is in the team, it will increase the player's attack power."
Hangyu,WindChimes,None,None,EPalTribeID::WindChimes,WindChimes,no,XS,1,land,n/a,FALSE,no,290,80,70,70,70,100,100,105-106,205-236,362-441,Escape_to_Battle,None,100,50,100,400,n/a,100%,100%,100%,1020,n/a,n/a,Paraglider maximum speed (gravity factor),100(0.01),100(0.009),100(0.008),100(0.007),100(0.006),"If it is in the party, it can be summoned in place of the paraglider. It lifts the player high into the air while gliding."
Hangyu Crystal,WindChimes_Ice,None,None,EPalTribeID::WindChimes_Ice,WindChimes_Ice,yes,XS,2,ice,n/a,FALSE,no,300,80,70,80,70,100,100,106-107,220-256,400-490,Escape_to_Battle,None,100,50,100,400,n/a,100%,100%,100%,1020,n/a,n/a,Paraglider maximum speed (gravity factor),100(0.01),100(0.009),100(0.008),100(0.007),100(0.006),"If it is in the party, it can be summoned in place of the paraglider. It lifts the player high into the air while gliding."
Mossanda,GrassPanda,None,None,EPalTribeID::GrassPanda,GrassPanda,no,L,6,Wood,n/a,FALSE,no,380,100,100,90,90,100,100,106-108,235-275,437-538,Warlike,None,100,50,100,500,700,100%,100%,100%,6200,n/a,n/a,Skill power,30,33,39,48,60,Can be moved around on its back. It can also continuously attack with a grenade launcher while riding.
Mossanda Lux,GrassPanda_Electric,None,None,EPalTribeID::GrassPanda_Electric,GrassPanda_Electric,yes,L,7,electricity,n/a,FALSE,no,400,100,100,100,100,100,100,107-109,250-295,475-587,Warlike,None,100,50,100,500,700,100%,100%,100%,6610,n/a,n/a,Skill power,30,33,39,48,60,Can be moved around on its back. It can also continuously attack with a grenade launcher while riding.
Woolipop,SweetsSheep,None,None,EPalTribeID::SweetsSheep,SweetsSheep,no,S,3,generally,n/a,FALSE,no,300,70,70,70,90,100,100,105-106,205-236,362-441,Escape_to_Battle,None,100,50,100,300,n/a,100%,100%,100%,1450,n/a,n/a,Ranch skills,0,0,0,0,0,Assign it to Palu Ranch and it may drop Sweet.
Caprity,BerryGoat,None,None,EPalTribeID::BerryGoat,BerryGoat,no,S,3,Wood,n/a,FALSE,no,330,100,70,70,90,120,100,105-106,205-236,362-441,Escape_to_Battle,None,100,70,70,400,n/a,100%,100%,100%,2510,n/a,n/a,Ranch skills,0,0,0,0,0,Assign it to Palu Ranch and it will have a chance to drop Berries from its back.
Melpaca,Alpaca,None,None,EPalTribeID::Alpaca,Alpaca,no,M,3,generally,n/a,FALSE,no,345,90,90,75,90,100,100,105-107,212-246,381-465,Escape_to_Battle,None,100,62,62,460,800,110%,100%,100%,2740,n/a,n/a,Ranch skills,0,0,0,0,0,Can be moved around on its back. Assign it to Palu Ranch and it will have a chance to drop Wool.
Eikthyrdeer,Deer,None,None,EPalTribeID::Deer,Deer,no,L,4,generally,n/a,FALSE,no,325,95,70,80,80,100,100,106-107,220-256,400-490,Escape_to_Battle,None,100,80,120,700,900,100%,100%,100%,2620,n/a,n/a,Logging bonus+,220,260,320,400,500,"Can be moved around on its back. You can perform two jumps while riding, and the efficiency of destroying trees will be higher."
Eikthyrdeer Terra,Deer_Ground,None,None,EPalTribeID::Deer_Ground,Deer_Ground,yes,L,6,land,n/a,FALSE,no,325,95,70,80,80,100,100,106-107,220-256,400-490,Escape_to_Battle,None,100,80,120,700,900,100%,100%,100%,2680,n/a,n/a,Logging bonus+,220,260,320,400,500,"Can be moved around on its back. You can perform two jumps while riding, and the efficiency of destroying trees will be higher."
Nitewing,HawkBird,None,None,EPalTribeID::HawkBird,HawkBird,no,L,3,generally,n/a,FALSE,no,375,100,100,95,80,100,100,107-109,242-285,456-563,NotInterested,None,100,150,150,600,750,100%,100%,100%,6300,n/a,n/a,Moving speed%,0,10,12,15,20,You can ride on its back and fly in the air.
Ribunny,PinkRabbit,None,None,EPalTribeID::PinkRabbit,PinkRabbit,no,XS,1,generally,n/a,FALSE,no,310,75,100,65,70,100,100,104-106,197-226,343-416,Escape_to_Battle,None,100,50,100,245,n/a,100%,100%,100%,1160,n/a,n/a,Attack power bonus%,10,11,13,16,20,"If it is in the team, the attack power of the elemental Normal Palu will be increased. If it is in the stronghold, the efficiency of working in WeaponFactory_Dirty_01 will be improved."
Incineram,Baphomet,None,None,EPalTribeID::Baphomet,Baphomet,no,M,4,fire,dark,FALSE,yes,430,95,150,100,85,100,100,107-109,250-295,475-587,Warlike,None,100,80,160,700,n/a,100%,100%,100%,4780,n/a,n/a,Skill power multiplier,1.1,1.3,1.6,2,2.5,"After activation, it will attack the targeted enemy with the extremely powerful Unique_Baphomet_SwallowKite."
Incineram Noct,Baphomet_Dark,None,None,EPalTribeID::Baphomet_Dark,Baphomet_Dark,yes,M,5,dark,n/a,FALSE,yes,435,95,150,105,85,100,100,107-110,257-304,493-611,Warlike,None,100,80,160,700,n/a,100%,100%,100%,4870,n/a,n/a,Skill power multiplier,1.1,1.3,1.6,2,2.5,"After activation, it will attack the targeted enemy with the extremely powerful Unique_Baphomet_Dark_SwallowKite."
Cinnamoth,CuteButterfly,None,None,EPalTribeID::CuteButterfly,CuteButterfly,no,M,4,Wood,n/a,FALSE,no,330,70,100,80,80,100,100,106-107,220-256,400-490,Escape_to_Battle,None,100,30,150,550,n/a,100%,100%,100%,5700,n/a,n/a,Skill power multiplier,1.1,1.3,1.6,2,2.5,"After activation, it will attack the targeted enemy with PoisonFog."
Arsox,FlameBuffalo,None,None,EPalTribeID::FlameBuffalo,FlameBuffalo,no,M,4,fire,n/a,FALSE,no,375,85,100,95,95,100,100,107-109,242-285,456-563,Warlike,None,100,87,87,600,800,100%,100%,100%,3520,n/a,n/a,Moving speed%,0,10,12,15,20,Can be moved around on its back. You won’t feel the chill while riding and it’s quite warm.
Dumud,LazyCatfish,None,None,EPalTribeID::LazyCatfish,LazyCatfish,no,M,4,land,n/a,FALSE,no,365,100,100,70,95,100,100,105-106,205-236,362-441,NotInterested,None,100,100,150,450,n/a,100%,100%,100%,4690,n/a,n/a,Attack power bonus%,10,11,13,16,20,"If it is in the team, the elemental Earth Palu's attack power will be increased."
Cawgnito,DarkCrow,None,None,EPalTribeID::DarkCrow,DarkCrow,no,M,3,dark,n/a,FALSE,yes,330,75,80,95,80,100,100,107-109,242-285,456-563,NotInterested,None,100,85,170,920,n/a,100%,100%,100%,1840,n/a,n/a,Skill power multiplier,1.1,1.3,1.6,2,2.5,"After being activated, it will attack the targeted enemy with the extremely powerful Unique_DarkCrow_TelePoke."
Leezpunk,LizardMan,None,None,EPalTribeID::LizardMan,LizardMan,no,S,2,dark,n/a,FALSE,yes,300,80,90,80,50,100,100,106-107,220-256,400-490,Warlike,None,100,100,140,600,n/a,100%,100%,100%,1720,n/a,n/a,distance,10000,11000,13000,16000,20000,"After activation, the sixth sense can be activated to detect the location of nearby dungeons."
Leezpunk Ignis,LizardMan_Fire,None,None,EPalTribeID::LizardMan_Fire,LizardMan_Fire,yes,S,3,fire,n/a,FALSE,no,300,80,90,80,50,100,100,106-107,220-256,400-490,Warlike,None,100,100,140,400,n/a,100%,100%,100%,1640,n/a,n/a,distance,10000,11000,13000,16000,20000,"After activation, the sixth sense can be activated to detect the location of nearby dungeons."
Loupmoon,Werewolf,None,None,EPalTribeID::Werewolf,Werewolf,no,M,3,dark,n/a,FALSE,yes,390,80,130,100,80,100,100,107-109,250-295,475-587,Warlike,None,100,100,150,600,n/a,100%,100%,100%,2400,n/a,n/a,Skill power multiplier,1.1,1.3,1.6,2,2.5,"After activation, it will attack the targeted enemy with extremely powerful Unique_Werewolf_Scratch."
Galeclaw,Eagle,None,None,EPalTribeID::Eagle,Eagle,no,M,2,generally,n/a,FALSE,no,340,75,120,85,60,100,100,106-108,227-265,418-514,Warlike,None,100,100,200,600,n/a,100%,100%,100%,2010,n/a,n/a,Paraglider maximum speed (gravity factor),1000(0.03),1150(0.0275),1300(0.025),1500(0.0225),1700(0.02),"If it is in the party, it can be summoned in place of the paraglider. While gliding, your right hand will be free, so you can hold a gun and shoot."
Robinquill,RobinHood,None,None,EPalTribeID::RobinHood,RobinHood,no,M,5,Wood,n/a,FALSE,no,375,90,100,105,80,100,100,107-110,257-304,493-611,Warlike,None,100,100,100,600,n/a,100%,100%,100%,2050,n/a,n/a,Weakness bonus %,20,22,26,32,40,"When fighting alongside it, players will be able to deal more damage to enemy weak points."
Robinquill Terra,RobinHood_Ground,None,None,EPalTribeID::RobinHood_Ground,RobinHood_Ground,yes,M,6,Wood,land,FALSE,no,375,90,100,105,80,100,100,107-110,257-304,493-611,Warlike,None,100,100,100,600,n/a,100%,100%,100%,2150,n/a,n/a,Weakness bonus %,20,22,26,32,40,"When fighting alongside it, players will be able to deal more damage to enemy weak points."
Gorirat,Gorilla,None,None,EPalTribeID::Gorilla,Gorilla,no,S,5,generally,n/a,FALSE,no,385,90,110,95,90,100,100,107-109,242-285,456-563,Warlike,None,100,66,100,550,n/a,100%,100%,100%,2010,rough,n/a,Attack power bonus%,50,75,110,150,200,"After activation, the power of wildness will be released and Gorilla's attack power will be increased for a certain period of time."
Beegarde,SoldierBee,None,None,EPalTribeID::SoldierBee,SoldierBee,no,M,4,Wood,n/a,FALSE,no,360,80,100,90,90,100,100,106-108,235-275,437-538,Warlike,None,100,125,250,450,n/a,100%,100%,100%,1880,n/a,n/a,Queen Bee Attack and Defense Bonus%,12,13,15,19,24,"Assign it to Palu Ranch and it will have a chance to drop Honey. If it is in the team, QueenBee's attributes will be improved."
Elizabee,QueenBee,None,None,EPalTribeID::QueenBee,QueenBee,no,L,8,Wood,n/a,FALSE,no,395,90,100,105,100,100,100,107-110,257-304,493-611,Warlike,None,100,150,250,450,n/a,100%,100%,100%,6830,n/a,n/a,Attack power bonus%,0,5,6,7,8,"When fighting alongside it, the more SoldierBees there are in the team, the more its attributes will improve."
Grintale,NaughtyCat,None,None,EPalTribeID::NaughtyCat,NaughtyCat,no,L,6,generally,n/a,FALSE,no,370,110,100,80,80,100,100,106-107,220-256,400-490,Friendly,None,100,32,64,600,800,100%,100%,100%,5510,n/a,n/a,Elemental power bonus%_Normal,50,55,65,80,100,Can be moved around on its back. Elemental Normal attacks during riding will be strengthened.
Swee,MopBaby,None,None,EPalTribeID::MopBaby,MopBaby,no,XS,1,ice,n/a,FALSE,no,280,60,100,60,60,100,100,104-105,190-217,325-392,Escape_to_Battle,None,100,55,100,250,n/a,130%,110%,100%,1180,n/a,n/a,Daddy Mao's attack and defense bonus%,12,13,15,19,24,"If it is in the team, MopKing's attributes will be improved."
Sweepa,MopKing,None,None,EPalTribeID::MopKing,MopKing,no,L,6,ice,n/a,FALSE,no,380,100,100,90,90,100,100,106-108,235-275,437-538,Escape_to_Battle,None,100,60,120,300,500,100%,100%,100%,6400,n/a,n/a,Attack power bonus%,0,5,6,7,8,"Can be moved around on its back. When fighting alongside it, the more MopBabys in the team, the more its attributes will improve."
Chillet,WeaselDragon,None,None,EPalTribeID::WeaselDragon,WeaselDragon,no,M,4,ice,dragon,FALSE,no,350,90,100,80,80,100,100,106-107,220-256,400-490,Escape_to_Battle,None,100,100,180,600,800,100%,100%,100%,3450,n/a,n/a,Attack power bonus%,50,55,65,80,100,Can be moved around on its back. While mounted it will grant the player's attacks the elemental Dragon.
Univolt,Kirin,None,None,EPalTribeID::Kirin,Kirin,no,M,5,electricity,n/a,FALSE,no,400,80,110,105,105,100,100,107-110,257-304,493-611,NotInterested,None,100,80,130,720,1100,100%,90%,100%,4280,n/a,n/a,Attack power bonus%,50,55,65,80,100,Can be moved around on its back. While mounted it will grant elemental Electricity to the player's attacks.
Foxcicle,IceFox,None,None,EPalTribeID::IceFox,IceFox,no,S,5,ice,n/a,FALSE,no,390,90,100,95,105,100,100,107-109,242-285,456-563,Warlike,None,100,65,130,600,n/a,100%,100%,100%,3730,n/a,n/a,Attack power bonus%,10,11,13,16,20,"If it is in the team, the attack power of the elemental Ice Palu will be increased."
Pyrin,FireKirin,None,None,EPalTribeID::FireKirin,FireKirin,no,L,6,fire,n/a,FALSE,no,395,100,110,95,90,100,100,107-109,242-285,456-563,Warlike,None,100,100,150,850,1300,100%,100%,100%,6720,n/a,n/a,Attack power bonus%,50,55,65,80,100,Can be moved around on its back. While mounted it will grant elemental Fire to the player's attacks.
Pyrin Noct,FireKirin_Dark,None,None,EPalTribeID::FireKirin_Dark,FireKirin_Dark,yes,L,7,fire,dark,FALSE,yes,395,100,110,95,90,100,100,107-109,242-285,456-563,Warlike,None,100,100,150,850,1300,100%,100%,100%,7270,n/a,n/a,Attack power bonus%,50,55,65,80,100,"Can be moved around on its back. While mounted, it will grant elemental Dark to the player's attacks."
Reindrix,IceDeer,None,None,EPalTribeID::IceDeer,IceDeer,no,M,4,ice,n/a,FALSE,no,375,100,80,85,110,100,100,106-108,227-265,418-514,Warlike,None,100,35,70,550,700,100%,100%,100%,2800,n/a,n/a,Moving speed%,0,10,12,15,20,Can be moved around on its back. You won't feel the heat during the ride and it's quite cool.
Rayhound,ThunderDog,None,None,EPalTribeID::ThunderDog,ThunderDog,no,M,5,electricity,n/a,FALSE,no,370,90,100,100,80,100,100,107-109,250-295,475-587,Warlike,None,100,110,210,700,1150,100%,100%,100%,3880,n/a,n/a,Moving speed%,0,10,12,15,20,Can be moved around on its back. Two jumps are possible during the ride.
Kitsun,AmaterasuWolf,None,None,EPalTribeID::AmaterasuWolf,AmaterasuWolf,no,M,6,fire,n/a,FALSE,no,385,100,70,115,100,110,100,108-111,272-324,531-660,NotInterested,None,100,80,130,700,900,100%,100%,100%,3170,n/a,n/a,Moving speed%,0,10,12,15,20,Can be moved around on its back. You won't be affected by cold or heat while riding.
Dazzi,RaijinDaughter,None,None,EPalTribeID::RaijinDaughter,RaijinDaughter,no,XS,2,electricity,n/a,FALSE,no,330,70,110,80,70,100,100,106-107,220-256,400-490,Escape_to_Battle,None,100,120,200,400,n/a,100%,100%,100%,1390,n/a,n/a,Skill power multiplier,1,1.1,1.3,1.6,2,"If it is in the party, it will appear next to the player. It will cooperate with the player's offensive to pursue with thunder."
Lunaris,Mutant,None,None,EPalTribeID::Mutant,Mutant,no,M,6,generally,n/a,FALSE,no,360,90,80,100,90,100,100,107-109,250-295,475-587,NotInterested,None,100,80,130,500,n/a,100%,100%,100%,1760,n/a,n/a,Increased weight bearing,80,90,100,110,120,"If Mutant is in the team, it can increase the player's upper limit of weight through its anti-gravity."
Dinossom,FlowerDinosaur,None,None,EPalTribeID::FlowerDinosaur,FlowerDinosaur,no,L,6,Wood,dragon,FALSE,no,375,110,90,85,90,150,100,106-108,227-265,418-514,Friendly,None,100,70,120,550,700,100%,100%,100%,3240,n/a,n/a,Elemental power bonus%_Leaf,50,55,65,80,100,Can be moved around on its back. Elemental Leaf attacks during riding will be strengthened.
Dinossom Lux,FlowerDinosaur_Electric,None,None,EPalTribeID::FlowerDinosaur_Electric,FlowerDinosaur_Electric,yes,L,7,electricity,dragon,FALSE,no,380,110,90,90,90,150,100,106-108,235-275,437-538,Friendly,None,100,70,120,550,700,100%,100%,100%,3380,n/a,n/a,Elemental power bonus%_Electricity,50,55,65,80,100,Can be moved around on its back. Elemental Electricity attacks during riding will be strengthened.
Surfent,Serpent,None,None,EPalTribeID::Serpent,Serpent,no,M,4,water,n/a,FALSE,no,330,90,70,90,80,100,100,106-108,235-275,437-538,Warlike,None,100,100,200,500,650,100%,100%,100%,5050,n/a,n/a,Moving speed%,0,10,12,15,20,Can ride on its back and move through the water. Moving on water while riding does not consume stamina.
Surfent Terra,Serpent_Ground,None,None,EPalTribeID::Serpent_Ground,Serpent_Ground,yes,M,5,land,n/a,FALSE,no,350,90,70,90,100,100,100,106-108,235-275,437-538,Warlike,None,100,100,200,500,650,100%,100%,100%,5140,n/a,n/a,Moving speed%,0,10,12,15,20,Can be moved around on its back.
Maraith,GhostBeast,None,None,EPalTribeID::GhostBeast,GhostBeast,no,M,6,dark,n/a,FALSE,yes,310,75,50,105,80,100,100,107-110,257-304,493-611,Warlike,None,100,100,160,600,800,100%,100%,100%,1570,n/a,n/a,Attack power bonus%,50,55,65,80,100,"Can be moved around on its back. While mounted, it will grant elemental Dark to the player's attacks."
Digtoise,DrillGame,None,None,EPalTribeID::DrillGame,DrillGame,no,M,5,land,n/a,FALSE,no,375,80,80,95,120,100,100,107-109,242-285,456-563,Warlike,None,100,75,120,300,n/a,100%,100%,100%,2980,hard skin,n/a,Skill power multiplier,1.1,1.3,1.6,2,2.5,"After launching, it will enter the Unique_DrillGame_ShellAttack state. It will follow the player as it spins, destroying ores efficiently."
Tombat,CatBat,None,None,EPalTribeID::CatBat,CatBat,no,M,5,dark,n/a,FALSE,yes,370,95,100,95,80,100,100,107-109,242-285,456-563,Warlike,None,100,80,140,400,n/a,100%,100%,100%,3810,n/a,n/a,distance,10000,11000,13000,16000,20000,"Once activated, it can detect the location of nearby pallu using ultrasonic waves."
Lovander,PinkLizard,None,None,EPalTribeID::PinkLizard,PinkLizard,no,L,5,generally,n/a,FALSE,yes,330,120,70,70,70,140,100,105-106,205-236,362-441,Warlike,None,100,90,170,750,n/a,100%,100%,100%,2450,Uncharacteristically,n/a,life drain %,2,3,4,5,6,"When fighting alongside it, it can give the player and PinkLizard a life-stealing effect. This effect can absorb part of the damage when it is applied, and restore COMMON_STATUS_HP."
Flambelle,LavaGirl,None,None,EPalTribeID::LavaGirl,LavaGirl,no,XS,1,fire,n/a,FALSE,no,310,60,100,70,80,100,100,105-106,205-236,362-441,Escape_to_Battle,None,100,65,98,250,n/a,130%,110%,100%,2500,n/a,n/a,Ranch skills,0,0,0,0,0,Assign it to Palu Ranch and it will have a chance to create FireOrgan.
Vanwyrm,BirdDragon,None,None,EPalTribeID::BirdDragon,BirdDragon,no,L,4,fire,dark,FALSE,yes,395,90,100,115,90,100,100,108-111,272-324,531-660,Warlike,None,150,100,350,700,850,100%,100%,100%,4360,n/a,n/a,Weakness bonus %,20,22,26,32,40,You can ride on its back and fly in the air. Attacking the enemy's weak points while riding can cause more damage.
Vanwyrm Cryst,BirdDragon_Ice,None,None,EPalTribeID::BirdDragon_Ice,BirdDragon_Ice,yes,L,5,ice,dark,FALSE,yes,405,90,100,120,95,100,100,109-111,280-334,550-685,Warlike,None,150,100,350,700,850,100%,100%,100%,4610,n/a,n/a,Weakness bonus %,20,22,26,32,40,You can ride on its back and fly in the air. Attacking the enemy's weak points while riding can cause more damage.
Bushi,Ronin,None,None,EPalTribeID::Ronin,Ronin,no,M,7,fire,n/a,FALSE,no,385,80,100,125,80,100,100,109-112,287-343,568-709,Warlike,None,100,80,160,600,n/a,100%,100%,100%,4520,n/a,n/a,Skill power multiplier,1.1,1.3,1.6,2,2.5,"After activation, it will attack the targeted enemy with extremely powerful Unique_Ronin_Iai."
Beakon,ThunderBird,None,None,EPalTribeID::ThunderBird,ThunderBird,no,L,6,electricity,n/a,FALSE,no,400,105,100,115,80,100,100,108-111,272-324,531-660,Warlike,None,160,100,200,750,1200,100%,100%,100%,7490,n/a,n/a,Attack power bonus%,50,55,65,80,100,You can ride on its back and fly in the air. While mounted it will grant elemental Electricity to the player's attacks.
Ragnahawk,RedArmorBird,None,None,EPalTribeID::RedArmorBird,RedArmorBird,no,L,7,fire,n/a,FALSE,no,420,95,100,105,120,100,100,107-110,257-304,493-611,Warlike,None,150,100,200,800,1300,100%,100%,100%,6720,n/a,n/a,Attack power bonus%,50,55,65,80,100,You can ride on its back and fly in the air. While mounted it will grant elemental Fire to the player's attacks.
Katress,CatMage,None,None,EPalTribeID::CatMage,CatMage,no,M,6,dark,n/a,FALSE,yes,385,90,100,105,90,100,100,107-110,257-304,493-611,Warlike,None,100,70,145,440,n/a,100%,100%,100%,4120,n/a,n/a,Drop increase%_Normal,40,50,60,70,80,"When fighting side by side with it, if you knock down the elemental Normal's Palu, you can get more dropped items from that Pallu."
Wixen,FoxMage,None,None,EPalTribeID::FoxMage,FoxMage,no,M,6,fire,n/a,FALSE,no,330,90,50,110,80,120,100,108-110,265-314,512-636,Escape_to_Battle,None,100,70,145,440,n/a,100%,100%,100%,1540,n/a,n/a,Attack power bonus%,5,6,7,8,10,"When fighting alongside it, it will grant elemental Fire to the player's attacks."
Verdash,GrassRabbitMan,None,None,EPalTribeID::GrassRabbitMan,GrassRabbitMan,no,M,8,Wood,n/a,FALSE,no,395,90,100,115,90,100,100,108-111,272-324,531-660,Warlike,None,100,50,195,500,n/a,100%,100%,100%,2200,n/a,n/a,Moving speed%,20,22,26,32,40,"When fighting alongside it, the player's movement speed will be increased, and it will also grant elemental Leaf to the player's attacks."
Vaelet,VioletFairy,None,None,EPalTribeID::VioletFairy,VioletFairy,no,M,8,Wood,n/a,FALSE,no,420,100,100,100,120,100,100,107-109,250-295,475-587,Warlike,None,100,100,150,400,n/a,100%,100%,100%,1960,n/a,n/a,Drop increased by %_Earth,40,50,60,70,80,"When fighting alongside it, if you knock down the Pallu of Elemental Earth, you can get more dropped items from that Pallu."
Sibelyx,WhiteMoth,None,None,EPalTribeID::WhiteMoth,WhiteMoth,no,L,7,ice,n/a,FALSE,no,390,110,90,90,100,90,100,106-108,235-275,437-538,Escape_to_Battle,None,100,50,100,400,n/a,100%,100%,100%,5900,n/a,n/a,Skill power multiplier,1.1,1.3,1.6,2,2.5,"After being activated, it will attack the targeted enemy with extremely powerful IcicleThrow. Assign it to Palu Ranch and it will have a chance to create Cloth2."
Elphidran,FairyDragon,None,None,EPalTribeID::FairyDragon,FairyDragon,no,L,7,dragon,n/a,FALSE,no,360,110,80,80,90,100,100,106-107,220-256,400-490,Escape_to_Battle,None,130,83,83,630,800,100%,100%,100%,5230,n/a,n/a,Drop increased by %_Dark,40,50,60,70,80,"You can ride on its back and fly in the air. When fighting alongside it, if you knock down the elemental Dark's pallu, you can get more dropped items from that pallu."
Elphidran Aqua,FairyDragon_Water,None,None,EPalTribeID::FairyDragon_Water,FairyDragon_Water,yes,L,8,dragon,water,FALSE,no,370,115,80,80,95,100,100,106-107,220-256,400-490,Escape_to_Battle,None,130,83,83,630,800,100%,100%,100%,5320,n/a,n/a,Drop increased by %_Fire,40,50,60,70,80,"You can ride on its back and fly in the air. When fighting alongside it, if you knock down the elemental Fire's pallu, you can get more dropped items from that pallu."
Kelpsea,Kelpie,None,None,EPalTribeID::Kelpie,Kelpie,no,XS,1,water,n/a,FALSE,no,310,70,100,70,70,100,100,105-106,205-236,362-441,NotInterested,None,100,50,100,700,n/a,100%,100%,100%,1260,n/a,n/a,Attack power bonus%,10,11,13,16,20,"If it is in the team, the elemental Water Palu's attack power will be increased."
Kelpsea Ignis,Kelpie_Fire,None,None,EPalTribeID::Kelpie_Fire,Kelpie_Fire,no,XS,2,fire,n/a,FALSE,no,310,70,100,70,70,100,100,105-106,205-236,362-441,NotInterested,None,100,50,100,700,n/a,100%,100%,100%,1240,n/a,n/a,Attack power bonus%,10,11,13,16,20,"If it is in the team, the elemental Fire Palu's attack power will be increased."
Azurobe,BlueDragon,None,None,EPalTribeID::BlueDragon,BlueDragon,no,L,7,water,dragon,FALSE,no,380,110,70,100,100,100,100,107-109,250-295,475-587,Escape_to_Battle,None,100,75,150,600,800,100%,100%,100%,5600,n/a,n/a,Attack power bonus%,50,55,65,80,100,"Can ride on its back and move around on water. While mounted, it will grant elemental Water to the player's attacks."
Cryolinx,WhiteTiger,None,None,EPalTribeID::WhiteTiger,WhiteTiger,no,L,7,ice,n/a,FALSE,no,450,100,140,100,110,100,100,107-109,250-295,475-587,Warlike,None,100,100,280,720,n/a,100%,100%,100%,8440,n/a,n/a,Drop increased by %_Dragon,40,50,60,70,80,"When fighting alongside it, if you knock down the elemental Dragon's pallu, you can get more dropped items from that pallu."
Blazehowl,Manticore,None,None,EPalTribeID::Manticore,Manticore,no,L,7,fire,n/a,FALSE,no,395,105,100,110,80,100,100,108-110,265-314,512-636,Warlike,None,100,90,180,750,900,100%,100%,100%,4040,n/a,n/a,Drop increased by %_Leaf,40,50,60,70,80,"Can be moved around on its back. When fighting side by side with it, if you knock down the elemental Leaf's pallu, you can get more dropped items from that pallu."
Blazehowl Noct,Manticore_Dark,None,None,EPalTribeID::Manticore_Dark,Manticore_Dark,yes,L,8,fire,dark,FALSE,yes,400,105,100,115,80,100,100,108-111,272-324,531-660,Warlike,None,100,60,90,750,900,100%,100%,100%,4360,n/a,n/a,Drop increase%_Normal,40,50,60,70,80,"Can be moved around on its back. When fighting side by side with it, if you knock down the elemental Normal's Palu, you can get more dropped items from that Pallu."
Relaxaurus,LazyDragon,None,None,EPalTribeID::LazyDragon,LazyDragon,no,XL,8,dragon,water,FALSE,no,390,110,110,100,70,100,100,107-109,250-295,475-587,Warlike,None,100,40,60,650,800,100%,100%,100%,10240,Greedy,n/a,Skill power,10,11,13,16,20,Can be moved around on its back. It can also continuously attack with its missile launcher while riding.
Relaxaurus Lux,LazyDragon_Electric,None,None,EPalTribeID::LazyDragon_Electric,LazyDragon_Electric,yes,XL,9,dragon,electricity,FALSE,no,405,110,110,110,75,100,100,108-110,265-314,512-636,Warlike,None,100,40,60,650,800,100%,100%,100%,10380,n/a,n/a,Skill power,10,11,13,16,20,Can be moved around on its back. It can also continuously attack with its missile launcher while riding.
Broncherry,SakuraSaurus,None,None,EPalTribeID::SakuraSaurus,SakuraSaurus,no,XL,7,Wood,n/a,FALSE,no,390,120,80,90,100,120,100,106-108,235-275,437-538,NotInterested,None,100,50,75,350,500,100%,100%,100%,2920,n/a,n/a,Increased weight bearing,100,110,120,130,140,"Can be moved around on its back. If SakuraSaurus is in the team, it will help carry luggage and increase the player's maximum weight limit."
Broncherry Aqua,SakuraSaurus_Water,None,None,EPalTribeID::SakuraSaurus_Water,SakuraSaurus_Water,yes,XL,8,Wood,water,FALSE,no,395,120,80,95,100,120,100,107-109,242-285,456-563,NotInterested,None,100,50,75,350,500,100%,100%,100%,3110,n/a,n/a,Increased weight bearing,100,110,120,130,140,"Can be moved around on its back. If SakuraSaurus_Water is in the team, it will help carry luggage and increase the player's upper limit of weight."
Petallia,FlowerDoll,None,None,EPalTribeID::FlowerDoll,FlowerDoll,no,M,8,Wood,n/a,FALSE,no,395,100,100,95,100,100,100,107-109,242-285,456-563,Escape_to_Battle,None,100,100,150,550,n/a,100%,100%,100%,3590,n/a,n/a,treatment value,400,440,520,640,800,"When activated, the player's health can be restored through the healing power of the flowers."
Reptyro,VolcanicMonster,None,None,EPalTribeID::VolcanicMonster,VolcanicMonster,no,L,6,fire,land,FALSE,no,435,110,100,105,120,100,100,107-110,257-304,493-611,Warlike,None,100,50,80,390,550,100%,100%,100%,6940,n/a,n/a,Mining bonus+,500,750,1100,1500,2000,Can be moved around on its back. Destroying ore will be more efficient while riding.
Ice Reptyro,VolcanicMonster_Ice,None,None,EPalTribeID::VolcanicMonster_Ice,VolcanicMonster_Ice,yes,L,7,ice,land,FALSE,no,445,110,100,105,130,100,100,107-110,257-304,493-611,Warlike,None,100,50,80,390,550,100%,100%,100%,7380,n/a,n/a,Mining bonus+,500,750,1100,1500,2000,Can be moved around on its back. Destroying ore will be more efficient while riding.
Kingpaca,KingAlpaca,None,None,EPalTribeID::KingAlpaca,KingAlpaca,no,XL,8,generally,n/a,FALSE,no,395,120,100,85,90,100,100,106-108,227-265,418-514,Escape_to_Battle,None,100,80,80,500,700,100%,100%,100%,5800,n/a,n/a,Increased weight bearing,100,110,120,130,140,"Can be moved around on its back. If KingAlpaca is in the team, it will help carry luggage and increase the player's maximum weight limit."
Ice Kingpaca,KingAlpaca_Ice,None,None,EPalTribeID::KingAlpaca_Ice,KingAlpaca_Ice,yes,XL,9,ice,n/a,FALSE,no,395,120,100,85,90,100,100,106-108,227-265,418-514,Escape_to_Battle,None,100,80,80,500,700,100%,100%,100%,6100,n/a,n/a,Increased weight bearing,100,110,120,130,140,"Can be moved around on its back. If KingAlpaca_Ice is in the team, it will help carry luggage and increase the player's maximum weight limit."
Mammorest,GrassMammoth,None,None,EPalTribeID::GrassMammoth,GrassMammoth,no,XL,8,Wood,n/a,FALSE,no,425,150,100,85,90,30,100,106-108,227-265,418-514,NotInterested,None,100,100,135,430,600,100%,100%,100%,9450,n/a,n/a,Mining bonus+,500,750,1100,1500,2000,Can be moved around on its back. Destroying trees and ores while riding will be more efficient.
Mammorest Cryst,GrassMammoth_Ice,None,None,EPalTribeID::GrassMammoth_Ice,GrassMammoth_Ice,yes,XL,9,ice,n/a,FALSE,no,425,150,100,85,90,30,100,106-108,227-265,418-514,NotInterested,None,100,100,135,430,600,100%,100%,100%,9580,n/a,n/a,Mining bonus+,500,750,1100,1500,2000,Can be moved around on its back. Destroying trees and ores while riding will be more efficient.
Wumpo,Yeti,None,None,EPalTribeID::Yeti,Yeti,no,L,7,ice,n/a,FALSE,no,420,140,100,80,100,100,100,106-107,220-256,400-490,Warlike,None,100,70,100,365,550,100%,100%,100%,5900,n/a,n/a,Increased weight bearing,120,130,140,150,160,"Can be moved around on its back. If Yeti is in the team, it will help carry luggage and increase the player's maximum weight limit."
Wumpo Botan,Yeti_Grass,None,None,EPalTribeID::Yeti_Grass,Yeti_Grass,no,L,8,Wood,n/a,FALSE,no,430,140,100,80,110,100,100,106-107,220-256,400-490,Warlike,None,100,70,100,365,550,100%,100%,100%,5700,n/a,n/a,Increased weight bearing,120,130,140,150,160,"Can be moved around on its back. If Yeti_Grass is in the team, it will help carry luggage and increase the player's maximum weight limit."
Warsect,HerculesBeetle,None,None,EPalTribeID::HerculesBeetle,HerculesBeetle,no,L,8,land,Wood,FALSE,no,440,120,100,100,120,100,100,107-109,250-295,475-587,Warlike,None,100,55,110,500,n/a,100%,100%,100%,6830,hard skin,n/a,Defense bonus %,5,6,7,8,10,"When fighting alongside it, the player's defense will be increased and the damage of elemental fire can be mitigated."
Fenglope,FengyunDeeper,None,None,EPalTribeID::FengyunDeeper,FengyunDeeper,no,S,3,generally,n/a,FALSE,no,420,110,110,110,90,100,100,108-110,265-314,512-636,NotInterested,None,100,85,100,750,1050,100%,100%,100%,2250,n/a,n/a,Moving speed%,0,10,12,15,20,Can be moved around on its back. Two jumps are possible during the ride.
Felbat,CatVampire,None,None,EPalTribeID::CatVampire,CatVampire,no,M,6,dark,n/a,FALSE,yes,415,100,100,105,110,110,100,107-110,257-304,493-611,Warlike,None,100,60,100,550,n/a,100%,100%,100%,2100,n/a,n/a,life drain %,2,3,4,5,6,"When fighting alongside it, it can give the player and CatVampire a life-stealing effect. This effect can absorb part of the damage when it is applied, and restore COMMON_STATUS_HP."
Quivern,SkyDragon,None,None,EPalTribeID::SkyDragon,SkyDragon,no,L,7,dragon,n/a,FALSE,no,405,105,100,100,100,100,100,107-109,250-295,475-587,NotInterested,None,220,120,240,800,950,100%,100%,100%,6830,n/a,n/a,Elemental power bonus%_Dragon,50,55,65,80,100,"You can ride on its back to fly in the air, and your elemental Dragon attacks will be strengthened while riding."
Blazamut,KingBahamut,None,None,EPalTribeID::KingBahamut,KingBahamut,no,XL,9,fire,n/a,FALSE,no,495,100,150,125,120,50,100,109-112,287-343,568-709,Warlike,None,100,150,400,700,900,100%,100%,100%,10520,Emperor Yan,n/a,Elemental power bonus%_Fire,50,55,65,80,100,Can be moved around on its back. Elemental Fire attacks during riding will be strengthened.
Helzephyr,HadesBird,None,None,EPalTribeID::HadesBird,HadesBird,no,L,7,dark,n/a,FALSE,yes,425,100,100,125,100,100,100,109-112,287-343,568-709,Warlike,None,170,100,100,700,1100,100%,100%,100%,7840,n/a,n/a,Attack power bonus%,50,55,65,80,100,"You can ride on its back and fly in the air. While mounted, it will grant elemental Dark to the player's attacks."
Astegon,BlackMetalDragon,None,None,EPalTribeID::BlackMetalDragon,BlackMetalDragon,no,XL,9,dragon,dark,FALSE,yes,450,100,100,125,125,100,100,109-112,287-343,568-709,Warlike,None,300,100,150,600,800,100%,100%,100%,8200,hard skin,n/a,Mining bonus+,1100,1500,2000,2600,3300,You can ride on its back and fly in the air. Can cause greater damage to ores while riding.
Menasting,DarkScorpion,None,None,EPalTribeID::DarkScorpion,DarkScorpion,no,L,9,dark,land,FALSE,yes,430,100,100,100,130,100,100,107-109,250-295,475-587,Warlike,None,100,100,200,1000,n/a,100%,100%,100%,7050,n/a,n/a,Drops increased by %_Electricity,40,50,60,70,80,"When fighting side by side with it, the player's defense will be improved. If you knock down the elemental Electricity's Palu, you can get more dropped items from the Pallu."
Anubis,Anubis,None,None,EPalTribeID::Anubis,Anubis,no,M,10,land,n/a,FALSE,no,480,120,130,130,100,100,100,109-112,295-353,587-733,Warlike,None,100,80,160,800,n/a,100%,100%,100%,4960,Yandi,n/a,Attack power bonus%,5,6,7,8,10,"When fighting alongside it, it will grant the player's attacks elemental Earth. During combat, he will occasionally move at high speed to avoid attacks."
Jormuntide,Umihebi,None,None,EPalTribeID::Umihebi,Umihebi,no,XL,8,dragon,water,FALSE,no,500,130,150,120,100,100,100,109-111,280-334,550-685,Warlike,None,100,100,175,525,700,100%,100%,100%,9320,Neptune,n/a,Moving speed%,0,10,12,15,20,Can ride on its back and move through the water. Moving on water while riding does not consume stamina.
Jormuntide Ignis,Umihebi_Fire,None,None,EPalTribeID::Umihebi_Fire,Umihebi_Fire,yes,XL,9,dragon,fire,FALSE,no,510,130,150,130,100,100,100,109-112,295-353,587-733,Warlike,None,100,100,175,525,700,100%,100%,100%,9500,n/a,n/a,Elemental power bonus%_Fire,50,55,65,80,100,Can be moved around on its back. Elemental Fire attacks during riding will be strengthened.
Suzaku,Suzaku,None,None,EPalTribeID::Suzaku,Suzaku,no,XL,8,fire,n/a,FALSE,no,430,120,100,105,105,100,100,107-110,257-304,493-611,Warlike,None,280,100,200,850,1100,100%,100%,100%,9840,n/a,n/a,Elemental power bonus%_Fire,50,55,65,80,100,"You can ride on its back to fly in the air, and your elemental Fire attacks will be strengthened while riding."
Suzaku Aqua,Suzaku_Water,None,None,EPalTribeID::Suzaku_Water,Suzaku_Water,yes,XL,9,water,n/a,FALSE,no,435,125,100,105,105,100,100,107-110,257-304,493-611,Warlike,None,280,100,200,850,1100,100%,100%,100%,10110,n/a,n/a,Elemental power bonus%_Water,50,55,65,80,100,"You can ride on its back to fly in the air, and your elemental Water attack will be strengthened while riding."
Grizzbolt,ElecPanda,None,None,EPalTribeID::ElecPanda,ElecPanda,yes,L,8,electricity,n/a,FALSE,no,425,105,120,100,100,100,100,107-109,250-295,475-587,Warlike,None,100,80,140,470,550,100%,100%,100%,7720,n/a,n/a,Skill power,6,6.6,7.8,9.6,12,"Can be moved around on its back. While mounted, it can also continuously attack with its machine gun."
Lyleen,LilyQueen,None,None,EPalTribeID::LilyQueen,LilyQueen,yes,L,9,Wood,n/a,FALSE,no,425,110,100,110,105,100,100,108-110,265-314,512-636,NotInterested,None,100,60,100,450,n/a,100%,100%,100%,7160,Elf King,n/a,treatment value,1000,1100,1300,1600,2000,"Once activated, the Queen's healing ability can be used to restore a large amount of health to the player."
Lyleen Noct,LilyQueen_Dark,None,None,EPalTribeID::LilyQueen_Dark,LilyQueen_Dark,yes,L,10,dark,n/a,FALSE,no,435,110,100,110,115,100,100,108-110,265-314,512-636,NotInterested,None,100,60,100,450,n/a,100%,100%,100%,7610,n/a,n/a,treatment value,1000,1100,1300,1600,2000,"Once activated, the Queen's healing ability can be used to restore a large amount of health to the player."
Faleris,Horus,None,None,EPalTribeID::Horus,Horus,yes,L,9,fire,n/a,FALSE,no,415,100,100,105,110,90,100,107-110,257-304,493-611,Warlike,None,230,150,200,1000,1400,100%,100%,100%,6720,n/a,n/a,Drop increased by %_Ice,40,50,60,70,80,"You can ride on its back and fly in the air. When fighting alongside it, if you knock down the elemental Ice's pallu, you can get more dropped items from that pallu."
Orserk,ThunderDragonMan,None,None,EPalTribeID::ThunderDragonMan,ThunderDragonMan,yes,L,9,dragon,electricity,FALSE,no,430,100,100,130,100,100,100,109-112,295-353,587-733,Warlike,None,100,100,185,900,n/a,100%,100%,100%,8320,Thunder Emperor,n/a,Drop increased by %_Water,40,50,60,70,80,"When fighting alongside it, if you knock down the elemental Water's pallu, you can get more dropped items from that pallu."
Shadowbeak,BlackGriffon,None,None,EPalTribeID::BlackGriffon,BlackGriffon,yes,L,10,dark,n/a,FALSE,yes,510,120,130,120,140,90,100,109-111,280-334,550-685,Warlike,None,250,80,80,850,1200,100%,100%,100%,9060,n/a,n/a,Elemental power bonus%_Dark,50,55,65,80,100,You can ride on its back and fly in the air. Elemental Dark attacks during riding will be strengthened.
Paladius,SaintCentaur,None,None,EPalTribeID::SaintCentaur,SaintCentaur,yes,L,20,generally,n/a,FALSE,no,505,130,110,120,145,100,100,109-111,280-334,550-685,Warlike,None,100,50,100,800,1400,100%,100%,100%,8810,legend,holy day,Moving speed%,0,10,12,15,20,Can be moved around on its back. Three jumps are possible during the ride.
Necromus,BlackCentaur,None,None,EPalTribeID::BlackCentaur,BlackCentaur,yes,L,20,dark,n/a,FALSE,yes,495,130,100,145,120,100,100,110-114,317-382,643-806,Warlike,None,100,100,350,900,1600,100%,100%,100%,8930,legend,Hades,Moving speed%,0,10,12,15,20,Can be moved around on its back. Two jumps are possible during the ride.
Frostallion,IceHorse,None,None,EPalTribeID::IceHorse,IceHorse,yes,L,20,ice,n/a,FALSE,no,500,140,100,140,120,70,100,110-113,310-373,625-782,Escape_to_Battle,None,300,120,120,1000,1500,100%,100%,100%,8440,legend,ice King,Elemental power bonus%_Ice,50,55,65,80,100,"You can ride on its back and fly in the air. During the ride, the player's attacks will be transformed into elemental ice, and the elemental ice's attacks will be strengthened."
Frostallion Noct,IceHorse_Dark,None,None,EPalTribeID::IceHorse_Dark,IceHorse_Dark,yes,L,20,dark,n/a,FALSE,yes,515,140,100,140,135,70,100,110-113,310-373,625-782,Escape_to_Battle,None,300,120,120,1000,1500,100%,100%,100%,8560,legend,n/a,Elemental power bonus%_Dark,50,55,65,80,100,"You can ride on its back and fly in the air. During riding, the player's attacks will be transformed into elemental Dark, and the attacks of elemental Dark will be strengthened."
Jetragon,JetDragon,None,None,EPalTribeID::JetDragon,JetDragon,yes,XL,20,dragon,n/a,FALSE,no,460,110,100,140,110,100,100,110-113,310-373,625-782,Warlike,None,100,600,800,1700,3300,100%,100%,100%,8680,legend,Shenlong,Skill power,13,14.3,16.9,20.9,26,You can ride on its back and fly in the air. It can also continuously attack with its missile launcher while riding.
